Network;NetType;ESSID;BSSID;Info;Channel;Cloaked;Encryption;Decrypted;MaxRate;MaxSeenRate;Beacon;LLC;Data;Crypt;Weak;Total;Carrier;Encoding;FirstTime;LastTime;BestQuality;BestSignal;BestNoise;GPSMinLat;GPSMinLon;GPSMinAlt;GPSMinSpd;GPSMaxLat;GPSMaxLon;GPSMaxAlt;GPSMaxSpd;GPSBestLat;GPSBestLon;GPSBestAlt;DataSize;IPType;IP;
1;infrastructure;23-4;D8:47:32:1D:CE:76;;7;No;WPA2,WPA,AES-CCM;No;405.0;0;14;0;0;0;0;0;;;Mon Sep 27 21:57:26 2021;Mon Sep 27 22:01:04 2021;-77;0;0;0.000000;0.000000;0.000000;0.000000;0.000000;0.000000;0.000000;0.000000;0.000000;0.000000;0.000000;0;0;0.0.0.0;
2;infrastructure;BrightonBeach_313;C0:25:E9:3E:CE:F4;;1;No;WPA2,AES-CCM;No;270.0;0;10;0;1;0;0;1;;;Mon Sep 27 21:57:34 2021;Mon Sep 27 22:00:37 2021;-81;0;0;0.000000;0.000000;0.000000;0.000000;0.000000;0.000000;0.000000;0.000000;0.000000;0.000000;0.000000;0;0;0.0.0.0;
3;infrastructure;;AC:84:C6:12:2F:64;;11;No;None;No;-1.0;0;0;0;0;0;0;0;;;Mon Sep 27 21:58:42 2021;Mon Sep 27 22:00:35 2021;-1;0;0;0.000000;0.000000;0.000000;0.000000;0.000000;0.000000;0.000000;0.000000;0.000000;0.000000;0.000000;0;0;0.0.0.0;
4;infrastructure;DIRECT-upSCX-3400 Series;32:CD:A7:15:76:D2;;7;No;WPA2,AES-CCM;No;54.0;0;7;0;0;0;0;0;;;Mon Sep 27 21:57:34 2021;Mon Sep 27 22:00:12 2021;-83;0;0;0.000000;0.000000;0.000000;0.000000;0.000000;0.000000;0.000000;0.000000;0.000000;0.000000;0.000000;0;0;0.0.0.0;
5;infrastructure;Shinzou wo Sasageyo!;C0:C9:E3:80:E5:3A;;11;No;WPA2,AES-CCM;No;270.0;0;12;0;0;0;0;0;;;Mon Sep 27 21:57:32 2021;Mon Sep 27 22:00:01 2021;-86;0;0;0.000000;0.000000;0.000000;0.000000;0.000000;0.000000;0.000000;0.000000;0.000000;0.000000;0.000000;0;0;0.0.0.0;
6;infrastructure;Keenetic-1462;50:FF:20:11:31:3C;;7;No;WPA2,AES-CCM;No;270.0;0;10;0;0;0;0;0;;;Mon Sep 27 21:57:25 2021;Mon Sep 27 22:01:04 2021;-85;0;0;0.000000;0.000000;0.000000;0.000000;0.000000;0.000000;0.000000;0.000000;0.000000;0.000000;0.000000;0;0;0.0.0.0;
7;infrastructure;TP-Link_E7F0;84:D8:1B:F0:E7:F0;;1;No;WPA2,AES-CCM;No;270.0;0;2;0;0;0;0;0;;;Mon Sep 27 21:59:36 2021;Mon Sep 27 22:00:02 2021;-87;0;0;0.000000;0.000000;0.000000;0.000000;0.000000;0.000000;0.000000;0.000000;0.000000;0.000000;0.000000;0;0;0.0.0.0;
8;infrastructure;Лия;F4:F5:DB:C1:E7:2B;;11;No;OPN,None;No;65.0;0;1;0;0;0;0;0;;;Mon Sep 27 22:00:00 2021;Mon Sep 27 22:01:01 2021;-92;0;0;0.000000;0.000000;0.000000;0.000000;0.000000;0.000000;0.000000;0.000000;0.000000;0.000000;0.000000;0;0;0.0.0.0;
9;infrastructure;Keepers of System Analysis;84:D8:1B:8D:B2:D1;;8;No;WPA2,AES-CCM,TKIP;No;195.0;0;8;0;1;0;0;1;;;Mon Sep 27 21:57:28 2021;Mon Sep 27 21:59:39 2021;-82;0;0;0.000000;0.000000;0.000000;0.000000;0.000000;0.000000;0.000000;0.000000;0.000000;0.000000;0.000000;0;0;0.0.0.0;
10;infrastructure;honk;2C:FD:A1:6B:BB:50;;2;No;WPA2,AES-CCM;No;270.0;0;8;0;0;0;0;0;;;Mon Sep 27 21:57:27 2021;Mon Sep 27 21:59:38 2021;-87;0;0;0.000000;0.000000;0.000000;0.000000;0.000000;0.000000;0.000000;0.000000;0.000000;0.000000;0.000000;0;0;0.0.0.0;
11;infrastructure;TP-Link_BA26;D8:0D:17:EB:BA:26;;1;No;WPA2,AES-CCM;No;270.0;0;2;0;0;0;0;0;;;Mon Sep 27 21:57:25 2021;Mon Sep 27 21:59:36 2021;-89;0;0;0.000000;0.000000;0.000000;0.000000;0.000000;0.000000;0.000000;0.000000;0.000000;0.000000;0.000000;0;0;0.0.0.0;
12;infrastructure;;52:FF:20:41:31:3C;;7;No;WPA2,AES-CCM;No;270.0;0;3;0;0;0;0;0;;;Mon Sep 27 21:57:43 2021;Mon Sep 27 21:59:28 2021;-83;0;0;0.000000;0.000000;0.000000;0.000000;0.000000;0.000000;0.000000;0.000000;0.000000;0.000000;0.000000;0;0;0.0.0.0;
13;infrastructure;;28:28:5D:9F:C2:BC;;7;No;None;No;-1.0;0;0;0;0;0;0;0;;;Mon Sep 27 21:57:34 2021;Mon Sep 27 21:59:11 2021;-1;0;0;0.000000;0.000000;0.000000;0.000000;0.000000;0.000000;0.000000;0.000000;0.000000;0.000000;0.000000;0;0;0.0.0.0;
14;infrastructure;DIR-300;E4:6F:13:0E:8B:CA;;13;No;WPA2,AES-CCM;No;135.0;0;2;0;0;0;0;0;;;Mon Sep 27 21:57:44 2021;Mon Sep 27 21:59:02 2021;-83;0;0;0.000000;0.000000;0.000000;0.000000;0.000000;0.000000;0.000000;0.000000;0.000000;0.000000;0.000000;0;0;0.0.0.0;
15;infrastructure;zhuzha-puzha;EC:41:18:E8:BB:3A;;7;No;WPA2,AES-CCM,TKIP;No;130.0;0;5;0;0;0;0;0;;;Mon Sep 27 21:58:00 2021;Mon Sep 27 21:59:02 2021;-86;0;0;0.000000;0.000000;0.000000;0.000000;0.000000;0.000000;0.000000;0.000000;0.000000;0.000000;0.000000;0;0;0.0.0.0;
16;infrastructure;AndroidAP;DC:44:B6:5A:2A:EF;;1;No;WPA2,AES-CCM;No;65.0;0;4;0;0;0;0;0;;;Mon Sep 27 21:57:51 2021;Mon Sep 27 21:58:52 2021;-87;0;0;0.000000;0.000000;0.000000;0.000000;0.000000;0.000000;0.000000;0.000000;0.000000;0.000000;0.000000;0;0;0.0.0.0;
17;infrastructure;To The Sky;50:FF:20:02:6D:90;;9;No;WPA2,AES-CCM;No;270.0;0;2;0;0;0;0;0;;;Mon Sep 27 21:57:55 2021;Mon Sep 27 21:58:39 2021;-90;0;0;0.000000;0.000000;0.000000;0.000000;0.000000;0.000000;0.000000;0.000000;0.000000;0.000000;0.000000;0;0;0.0.0.0;
18;infrastructure;;00:00:00:00:00:00;;6;No;None;No;-1.0;0;0;0;0;0;0;0;;;Mon Sep 27 21:58:25 2021;Mon Sep 27 21:58:25 2021;-1;0;0;0.000000;0.000000;0.000000;0.000000;0.000000;0.000000;0.000000;0.000000;0.000000;0.000000;0.000000;0;0;0.0.0.0;
19;infrastructure;;F8:1A:67:AA:28:CC;;6;No;None;No;-1.0;0;0;0;0;0;0;0;;;Mon Sep 27 21:57:59 2021;Mon Sep 27 21:58:25 2021;-1;0;0;0.000000;0.000000;0.000000;0.000000;0.000000;0.000000;0.000000;0.000000;0.000000;0.000000;0.000000;0;0;0.0.0.0;
20;infrastructure;YICarCam_d450df;58:70:C6:D4:50:DF;;6;No;WPA2,AES-CCM;No;65.0;0;4;0;0;0;0;0;;;Mon Sep 27 21:57:41 2021;Mon Sep 27 21:57:50 2021;-89;0;0;0.000000;0.000000;0.000000;0.000000;0.000000;0.000000;0.000000;0.000000;0.000000;0.000000;0.000000;0;0;0.0.0.0;
21;infrastructure;TP-Link_A2C0;3C:84:6A:6D:A2:C0;;11;No;WPA2,AES-CCM;No;270.0;0;0;0;0;0;0;0;;;Mon Sep 27 21:58:07 2021;Mon Sep 27 21:58:07 2021;-89;0;0;0.000000;0.000000;0.000000;0.000000;0.000000;0.000000;0.000000;0.000000;0.000000;0.000000;0.000000;0;0;0.0.0.0;
22;infrastructure;MikroTik-BFF971;74:4D:28:BF:F9:71;;8;No;WPA2,WPA,AES-CCM;No;270.0;0;3;0;0;0;0;0;;;Mon Sep 27 21:57:45 2021;Mon Sep 27 21:58:55 2021;-85;0;0;0.000000;0.000000;0.000000;0.000000;0.000000;0.000000;0.000000;0.000000;0.000000;0.000000;0.000000;0;0;0.0.0.0;
23;infrastructure;SAG221;C8:3A:35:99:F6:F1;;5;No;WPA2,AES-CCM;No;130.0;0;2;0;0;0;0;0;;;Mon Sep 27 21:59:16 2021;Mon Sep 27 21:59:33 2021;-87;0;0;0.000000;0.000000;0.000000;0.000000;0.000000;0.000000;0.000000;0.000000;0.000000;0.000000;0.000000;0;0;0.0.0.0;
24;infrastructure;410;C4:71:54:31:4C:40;;11;No;WPA2,AES-CCM;No;270.0;0;0;0;0;0;0;0;;;Mon Sep 27 21:57:41 2021;Mon Sep 27 21:59:43 2021;-85;0;0;0.000000;0.000000;0.000000;0.000000;0.000000;0.000000;0.000000;0.000000;0.000000;0.000000;0.000000;0;0;0.0.0.0;
25;infrastructure;LuxRoom;50:64:2B:B4:86:35;;10;No;WPA2,AES-CCM,TKIP;No;130.0;0;2;0;7;0;0;7;;;Mon Sep 27 21:57:39 2021;Mon Sep 27 21:59:41 2021;-85;0;0;0.000000;0.000000;0.000000;0.000000;0.000000;0.000000;0.000000;0.000000;0.000000;0.000000;0.000000;0;0;0.0.0.0;
26;infrastructure;куку ;4E:67:C9:83:33:D6;;3;No;WPA2,AES-CCM;No;180.0;0;3;0;0;0;0;0;;;Mon Sep 27 21:58:21 2021;Mon Sep 27 22:00:06 2021;-85;0;0;0.000000;0.000000;0.000000;0.000000;0.000000;0.000000;0.000000;0.000000;0.000000;0.000000;0.000000;0;0;0.0.0.0;
27;infrastructure;Empire 405;D8:32:14:32:D3:30;;10;No;WPA2,AES-CCM;No;130.0;0;3;0;0;0;0;0;;;Mon Sep 27 21:57:48 2021;Mon Sep 27 22:00:08 2021;-83;0;0;0.000000;0.000000;0.000000;0.000000;0.000000;0.000000;0.000000;0.000000;0.000000;0.000000;0.000000;0;0;0.0.0.0;
28;infrastructure;libreofficetop;88:C3:97:34:A9:29;;10;No;WPA2,AES-CCM;No;130.0;0;5;0;0;0;0;0;;;Mon Sep 27 21:57:29 2021;Mon Sep 27 22:00:08 2021;-80;0;0;0.000000;0.000000;0.000000;0.000000;0.000000;0.000000;0.000000;0.000000;0.000000;0.000000;0.000000;0;0;0.0.0.0;
29;infrastructure;NOPE;E4:6F:13:18:38:D2;;13;No;WPA2,AES-CCM;No;65.0;0;2;0;0;0;0;0;;;Mon Sep 27 21:59:28 2021;Mon Sep 27 22:00:21 2021;-85;0;0;0.000000;0.000000;0.000000;0.000000;0.000000;0.000000;0.000000;0.000000;0.000000;0.000000;0.000000;0;0;0.0.0.0;
30;infrastructure;MERCUSYS_9E40;C8:E7:D8:90:9E:3F;;11;No;WPA2,AES-CCM;No;270.0;0;8;0;0;0;0;0;;;Mon Sep 27 21:58:07 2021;Mon Sep 27 22:00:18 2021;-81;0;0;0.000000;0.000000;0.000000;0.000000;0.000000;0.000000;0.000000;0.000000;0.000000;0.000000;0.000000;0;0;0.0.0.0;
31;infrastructure;Busy_Jack;E4:18:6B:0D:97:3C;;5;No;WPA2,AES-CCM;No;270.0;0;21;0;1;0;0;1;;;Mon Sep 27 21:57:31 2021;Mon Sep 27 22:00:34 2021;-87;0;0;0.000000;0.000000;0.000000;0.000000;0.000000;0.000000;0.000000;0.000000;0.000000;0.000000;0.000000;0;0;0.0.0.0;
32;infrastructure;Desu;52:FF:20:54:D5:35;;5;No;WPA2,AES-CCM;No;360.0;0;11;0;0;0;0;0;;;Mon Sep 27 21:57:49 2021;Mon Sep 27 22:00:34 2021;-83;0;0;0.000000;0.000000;0.000000;0.000000;0.000000;0.000000;0.000000;0.000000;0.000000;0.000000;0.000000;0;0;0.0.0.0;
33;infrastructure;;52:FF:20:94:D5:35;;5;No;WPA2,AES-CCM;No;360.0;0;25;0;0;0;0;0;;;Mon Sep 27 21:57:31 2021;Mon Sep 27 22:00:34 2021;-82;0;0;0.000000;0.000000;0.000000;0.000000;0.000000;0.000000;0.000000;0.000000;0.000000;0.000000;0.000000;0;0;0.0.0.0;
34;infrastructure;;38:68:93:69:98:F3;;5;No;OPN,None;No;-1.0;0;0;0;5;0;0;5;;;Mon Sep 27 22:01:00 2021;Mon Sep 27 22:01:00 2021;-1;0;0;0.000000;0.000000;0.000000;0.000000;0.000000;0.000000;0.000000;0.000000;0.000000;0.000000;0.000000;0;0;0.0.0.0;
35;infrastructure;room115;58:D5:6E:B7:65:47;;8;No;WPA2,AES-CCM;No;270.0;0;9;0;0;0;0;0;;;Mon Sep 27 21:57:36 2021;Mon Sep 27 22:00:58 2021;-85;0;0;0.000000;0.000000;0.000000;0.000000;0.000000;0.000000;0.000000;0.000000;0.000000;0.000000;0.000000;0;0;0.0.0.0;
36;infrastructure;216;D4:6E:0E:A0:4E:94;;2;No;WPA2,AES-CCM;No;270.0;0;15;0;1;0;0;1;;;Mon Sep 27 21:57:36 2021;Mon Sep 27 22:01:05 2021;-83;0;0;0.000000;0.000000;0.000000;0.000000;0.000000;0.000000;0.000000;0.000000;0.000000;0.000000;0.000000;0;0;0.0.0.0;
37;infrastructure;TP-Link_9FF9;3C:84:6A:6D:9F:F9;;3;No;WPA2,AES-CCM;No;270.0;0;2;0;0;0;0;0;;;Mon Sep 27 21:59:22 2021;Mon Sep 27 22:00:58 2021;-88;0;0;0.000000;0.000000;0.000000;0.000000;0.000000;0.000000;0.000000;0.000000;0.000000;0.000000;0.000000;0;0;0.0.0.0;
38;infrastructure;TP-Link_1C22;B0:BE:76:6A:1C:22;;2;No;WPA2,AES-CCM;No;270.0;0;29;0;0;0;0;0;;;Mon Sep 27 21:57:27 2021;Mon Sep 27 22:00:56 2021;-87;0;0;0.000000;0.000000;0.000000;0.000000;0.000000;0.000000;0.000000;0.000000;0.000000;0.000000;0.000000;0;0;0.0.0.0;
39;infrastructure;Sklad_gryazi;E4:C3:2A:37:9C:C2;;10;No;WPA2,AES-CCM;No;270.0;0;16;0;2;0;0;2;;;Mon Sep 27 21:57:47 2021;Mon Sep 27 22:01:00 2021;-83;0;0;0.000000;0.000000;0.000000;0.000000;0.000000;0.000000;0.000000;0.000000;0.000000;0.000000;0.000000;0;0;0.0.0.0;
40;infrastructure;Null;40:16:7E:C2:52:94;;6;No;WPA2,AES-CCM;No;130.0;0;12;0;2;0;0;2;;;Mon Sep 27 21:57:34 2021;Mon Sep 27 22:01:04 2021;-81;0;0;0.000000;0.000000;0.000000;0.000000;0.000000;0.000000;0.000000;0.000000;0.000000;0.000000;0.000000;0;0;0.0.0.0;
41;infrastructure;TP-Link_78B0;84:D8:1B:12:78:B0;;11;No;WPA2,AES-CCM;No;270.0;0;5;0;0;0;0;0;;;Mon Sep 27 21:58:33 2021;Mon Sep 27 22:01:01 2021;-77;0;0;0.000000;0.000000;0.000000;0.000000;0.000000;0.000000;0.000000;0.000000;0.000000;0.000000;0.000000;0;0;0.0.0.0;
42;infrastructure;dimASS;D8:47:32:B0:41:0A;;10;No;WPA2,AES-CCM;No;270.0;0;28;0;0;0;0;0;;;Mon Sep 27 21:57:31 2021;Mon Sep 27 22:00:51 2021;-82;0;0;0.000000;0.000000;0.000000;0.000000;0.000000;0.000000;0.000000;0.000000;0.000000;0.000000;0.000000;0;0;0.0.0.0;
43;infrastructure;femslashblyat;C8:D3:A3:28:6B:14;;1;No;WPA2,AES-CCM;No;54.0;0;67;0;17;0;0;17;;;Mon Sep 27 21:57:25 2021;Mon Sep 27 22:01:03 2021;-73;0;0;0.000000;0.000000;0.000000;0.000000;0.000000;0.000000;0.000000;0.000000;0.000000;0.000000;0.000000;0;0;0.0.0.0;
44;infrastructure;AndroidAP2F34;BE:A5:8B:8A:2F:34;;1;No;WPA2,AES-CCM;No;65.0;0;32;0;0;0;0;0;;;Mon Sep 27 21:57:25 2021;Mon Sep 27 22:01:03 2021;-82;0;0;0.000000;0.000000;0.000000;0.000000;0.000000;0.000000;0.000000;0.000000;0.000000;0.000000;0.000000;0;0;0.0.0.0;
45;infrastructure;ProblemDell;FC:01:7C:A4:C4:89;;1;No;WPA2,AES-CCM;No;65.0;0;36;0;0;0;0;0;;;Mon Sep 27 21:57:27 2021;Mon Sep 27 22:01:05 2021;-72;0;0;0.000000;0.000000;0.000000;0.000000;0.000000;0.000000;0.000000;0.000000;0.000000;0.000000;0.000000;0;0;0.0.0.0;
46;infrastructure;6G DANGER;8C:25:05:DB:75:75;;6;No;WPA2,AES-CCM;No;65.0;0;19;0;0;0;0;0;;;Mon Sep 27 21:58:36 2021;Mon Sep 27 22:01:02 2021;-78;0;0;0.000000;0.000000;0.000000;0.000000;0.000000;0.000000;0.000000;0.000000;0.000000;0.000000;0.000000;0;0;0.0.0.0;
47;infrastructure;Amazing sounds of orgy;F8:1A:67:4B:5C:6A;;11;No;WPA2,AES-CCM;No;65.0;0;1;0;0;0;0;0;;;Mon Sep 27 21:58:07 2021;Mon Sep 27 22:00:44 2021;-91;0;0;0.000000;0.000000;0.000000;0.000000;0.000000;0.000000;0.000000;0.000000;0.000000;0.000000;0.000000;0;0;0.0.0.0;
48;infrastructure;Galaxy A51F278;4E:6B:F1:A9:26:F6;;1;No;WPA2,AES-CCM;No;130.0;0;3;0;0;0;0;0;;;Mon Sep 27 21:57:34 2021;Mon Sep 27 22:00:54 2021;-89;0;0;0.000000;0.000000;0.000000;0.000000;0.000000;0.000000;0.000000;0.000000;0.000000;0.000000;0.000000;0;0;0.0.0.0;
49;infrastructure;cupofcoffee;64:64:4A:3E:98:BB;;1;No;WPA2,AES-CCM,TKIP;No;130.0;0;106;0;0;0;0;0;;;Mon Sep 27 21:57:25 2021;Mon Sep 27 22:01:05 2021;-55;0;0;0.000000;0.000000;0.000000;0.000000;0.000000;0.000000;0.000000;0.000000;0.000000;0.000000;0.000000;0;0;0.0.0.0;
50;infrastructure;vroomvroom;66:64:4A:2E:98:BB;;1;No;WPA2,AES-CCM,TKIP;No;130.0;0;93;0;24;0;0;24;;;Mon Sep 27 21:57:25 2021;Mon Sep 27 22:01:05 2021;-55;0;0;0.000000;0.000000;0.000000;0.000000;0.000000;0.000000;0.000000;0.000000;0.000000;0.000000;0.000000;0;0;0.0.0.0;
51;infrastructure;5G Vishka;D8:47:32:F2:33:DC;;1;No;WPA2,AES-CCM;No;130.0;0;42;0;37;0;0;37;;;Mon Sep 27 21:57:25 2021;Mon Sep 27 22:01:05 2021;-78;0;0;0.000000;0.000000;0.000000;0.000000;0.000000;0.000000;0.000000;0.000000;0.000000;0.000000;0.000000;0;0;0.0.0.0;
52;infrastructure;Говно China;CC:2D:21:16:3F:21;;9;No;WPA2,AES-CCM;No;130.0;0;43;0;0;0;0;0;;;Mon Sep 27 21:57:30 2021;Mon Sep 27 22:00:59 2021;-80;0;0;0.000000;0.000000;0.000000;0.000000;0.000000;0.000000;0.000000;0.000000;0.000000;0.000000;0.000000;0;0;0.0.0.0;
53;infrastructure;room_219;EC:41:18:44:C6:82;;9;No;WPA2,AES-CCM,TKIP;No;130.0;0;28;0;24;0;0;24;;;Mon Sep 27 21:57:27 2021;Mon Sep 27 22:00:59 2021;-83;0;0;0.000000;0.000000;0.000000;0.000000;0.000000;0.000000;0.000000;0.000000;0.000000;0.000000;0.000000;0;0;0.0.0.0;
54;infrastructure;TwoZebras;9C:9D:7E:C1:1D:26;;13;No;WPA2,AES-CCM,TKIP;No;130.0;0;24;0;3;0;0;3;;;Mon Sep 27 21:57:35 2021;Mon Sep 27 22:01:04 2021;-92;0;0;0.000000;0.000000;0.000000;0.000000;0.000000;0.000000;0.000000;0.000000;0.000000;0.000000;0.000000;0;0;0.0.0.0;
55;infrastructure;GNU/WIFI;B0:6E:BF:43:DA:E8;;13;No;WPA2,AES-CCM;No;130.0;0;43;0;0;0;0;0;;;Mon Sep 27 21:57:26 2021;Mon Sep 27 22:01:04 2021;-76;0;0;0.000000;0.000000;0.000000;0.000000;0.000000;0.000000;0.000000;0.000000;0.000000;0.000000;0.000000;0;0;0.0.0.0;
56;infrastructure;Keenetic-5248;28:28:5D:95:DA:6A;;8;No;WPA2,AES-CCM;No;135.0;0;24;0;0;0;0;0;;;Mon Sep 27 21:57:45 2021;Mon Sep 27 22:00:57 2021;-80;0;0;0.000000;0.000000;0.000000;0.000000;0.000000;0.000000;0.000000;0.000000;0.000000;0.000000;0.000000;0;0;0.0.0.0;
57;infrastructure;Comata141;EC:22:80:F3:49:7D;;13;No;WPA2,AES-CCM;No;135.0;0;13;0;0;0;0;0;;;Mon Sep 27 21:57:53 2021;Mon Sep 27 22:00:56 2021;-87;0;0;0.000000;0.000000;0.000000;0.000000;0.000000;0.000000;0.000000;0.000000;0.000000;0.000000;0.000000;0;0;0.0.0.0;
58;infrastructure;ViTaS;F6:AD:52:DC:FC:1F;;10;No;WPA2,AES-CCM;No;180.0;0;111;0;8;0;0;8;;;Mon Sep 27 21:57:28 2021;Mon Sep 27 22:01:00 2021;-67;0;0;0.000000;0.000000;0.000000;0.000000;0.000000;0.000000;0.000000;0.000000;0.000000;0.000000;0.000000;0;0;0.0.0.0;
59;infrastructure;Redmi;92:BB:B4:B7:68:0B;;13;No;WPA2,AES-CCM;No;180.0;0;97;0;1;0;0;1;;;Mon Sep 27 21:57:26 2021;Mon Sep 27 22:01:04 2021;-66;0;0;0.000000;0.000000;0.000000;0.000000;0.000000;0.000000;0.000000;0.000000;0.000000;0.000000;0.000000;0;0;0.0.0.0;
60;infrastructure;;8A:D8:1B:8D:B2:D1;;8;No;WPA2,AES-CCM;No;195.0;0;6;0;0;0;0;0;;;Mon Sep 27 21:58:11 2021;Mon Sep 27 22:00:57 2021;-83;0;0;0.000000;0.000000;0.000000;0.000000;0.000000;0.000000;0.000000;0.000000;0.000000;0.000000;0.000000;0;0;0.0.0.0;
61;infrastructure;Chill out;F8:F0:82:5F:44:46;;1;No;WPA2,AES-CCM;No;270.0;0;9;0;0;0;0;0;;;Mon Sep 27 21:57:34 2021;Mon Sep 27 22:00:46 2021;-82;0;0;0.000000;0.000000;0.000000;0.000000;0.000000;0.000000;0.000000;0.000000;0.000000;0.000000;0.000000;0;0;0.0.0.0;
62;infrastructure;TP-Link_A1F8;0C:80:63:8D:A1:F8;;1;No;WPA2,AES-CCM;No;270.0;0;35;0;0;0;0;0;;;Mon Sep 27 21:57:25 2021;Mon Sep 27 22:01:03 2021;-83;0;0;0.000000;0.000000;0.000000;0.000000;0.000000;0.000000;0.000000;0.000000;0.000000;0.000000;0.000000;0;0;0.0.0.0;
63;infrastructure;TP-Link_442E;D8:07:B6:6B:44:2E;;1;No;WPA2,AES-CCM;No;270.0;0;108;0;0;0;0;0;;;Mon Sep 27 21:57:25 2021;Mon Sep 27 22:01:05 2021;-61;0;0;0.000000;0.000000;0.000000;0.000000;0.000000;0.000000;0.000000;0.000000;0.000000;0.000000;0.000000;0;0;0.0.0.0;
64;infrastructure;TP-Link_8EA4;84:D8:1B:6E:8E:A4;;2;No;WPA2,AES-CCM;No;270.0;0;24;0;0;0;0;0;;;Mon Sep 27 21:57:36 2021;Mon Sep 27 22:01:05 2021;-79;0;0;0.000000;0.000000;0.000000;0.000000;0.000000;0.000000;0.000000;0.000000;0.000000;0.000000;0.000000;0;0;0.0.0.0;
65;infrastructure;TP-LINK_D098;7C:8B:CA:79:D0:98;;3;No;WPA2,AES-CCM;No;270.0;0;166;0;17;0;0;17;;;Mon Sep 27 21:57:25 2021;Mon Sep 27 22:01:05 2021;-71;0;0;0.000000;0.000000;0.000000;0.000000;0.000000;0.000000;0.000000;0.000000;0.000000;0.000000;0.000000;0;0;0.0.0.0;
66;infrastructure;pankam-hoi;E4:C3:2A:37:8B:1F;;4;No;WPA2,AES-CCM;No;270.0;0;42;0;0;0;0;0;;;Mon Sep 27 21:57:30 2021;Mon Sep 27 22:00:59 2021;-78;0;0;0.000000;0.000000;0.000000;0.000000;0.000000;0.000000;0.000000;0.000000;0.000000;0.000000;0.000000;0;0;0.0.0.0;
67;infrastructure;Vhod v IT;3C:84:6A:E6:0B:02;;4;No;WPA2,AES-CCM;No;270.0;0;94;0;0;0;0;0;;;Mon Sep 27 21:57:30 2021;Mon Sep 27 22:00:59 2021;-74;0;0;0.000000;0.000000;0.000000;0.000000;0.000000;0.000000;0.000000;0.000000;0.000000;0.000000;0.000000;0;0;0.0.0.0;
68;infrastructure;UFO;68:FF:7B:0E:FB:60;;10;No;WPA2,AES-CCM;No;270.0;0;4;0;0;0;0;0;;;Mon Sep 27 21:57:39 2021;Mon Sep 27 22:00:51 2021;-82;0;0;0.000000;0.000000;0.000000;0.000000;0.000000;0.000000;0.000000;0.000000;0.000000;0.000000;0.000000;0;0;0.0.0.0;
69;infrastructure;11-12;D4:6E:0E:52:DD:08;;10;No;WPA2,AES-CCM;No;270.0;0;129;0;0;0;0;0;;;Mon Sep 27 21:57:28 2021;Mon Sep 27 22:01:01 2021;-62;0;0;0.000000;0.000000;0.000000;0.000000;0.000000;0.000000;0.000000;0.000000;0.000000;0.000000;0.000000;0;0;0.0.0.0;
70;infrastructure;DEFENDERs;C0:25:E9:3E:F1:50;;10;No;WPA2,AES-CCM;No;270.0;0;161;0;18;0;0;18;;;Mon Sep 27 21:57:29 2021;Mon Sep 27 22:01:01 2021;-56;0;0;0.000000;0.000000;0.000000;0.000000;0.000000;0.000000;0.000000;0.000000;0.000000;0.000000;0.000000;0;0;0.0.0.0;
71;infrastructure;TP-Link_BB5C;84:D8:1B:61:BB:5C;;11;No;WPA2,AES-CCM;No;270.0;0;2;0;0;0;0;0;;;Mon Sep 27 21:59:17 2021;Mon Sep 27 22:00:44 2021;-85;0;0;0.000000;0.000000;0.000000;0.000000;0.000000;0.000000;0.000000;0.000000;0.000000;0.000000;0.000000;0;0;0.0.0.0;
72;infrastructure;TP-Link_688C;84:D8:1B:13:68:8C;;11;No;WPA2,AES-CCM;No;270.0;0;37;0;0;0;0;0;;;Mon Sep 27 21:57:32 2021;Mon Sep 27 22:01:01 2021;-79;0;0;0.000000;0.000000;0.000000;0.000000;0.000000;0.000000;0.000000;0.000000;0.000000;0.000000;0.000000;0;0;0.0.0.0;
73;infrastructure;TP-Link_54AC;40:3F:8C:90:54:AC;;11;No;WPA2,AES-CCM;No;270.0;0;50;0;11;0;0;11;;;Mon Sep 27 21:57:33 2021;Mon Sep 27 22:01:02 2021;-78;0;0;0.000000;0.000000;0.000000;0.000000;0.000000;0.000000;0.000000;0.000000;0.000000;0.000000;0.000000;0;0;0.0.0.0;
74;infrastructure;Mchanga;68:FF:7B:AA:15:BE;;11;No;WPA2,AES-CCM;No;270.0;0;140;0;31;0;0;31;;;Mon Sep 27 21:57:30 2021;Mon Sep 27 22:01:03 2021;-63;0;0;0.000000;0.000000;0.000000;0.000000;0.000000;0.000000;0.000000;0.000000;0.000000;0.000000;0.000000;0;0;0.0.0.0;
75;infrastructure;DIR-615-c3d5;10:62:EB:86:C3:D6;;13;No;WPA2,AES-CCM;No;270.0;0;46;0;0;0;0;0;;;Mon Sep 27 21:57:35 2021;Mon Sep 27 22:01:04 2021;-80;0;0;0.000000;0.000000;0.000000;0.000000;0.000000;0.000000;0.000000;0.000000;0.000000;0.000000;0.000000;0;0;0.0.0.0;
76;infrastructure;FlexHata;D4:6E:0E:7C:CD:C2;;6;No;WPA2,AES-CCM;No;405.0;0;67;0;5;0;0;5;;;Mon Sep 27 21:57:26 2021;Mon Sep 27 22:01:02 2021;-75;0;0;0.000000;0.000000;0.000000;0.000000;0.000000;0.000000;0.000000;0.000000;0.000000;0.000000;0.000000;0;0;0.0.0.0;
77;infrastructure;room119;C8:3A:35:4B:48:A8;;7;No;WPA2,WPA,AES-CCM;No;135.0;0;10;0;6;0;0;6;;;Mon Sep 27 21:57:25 2021;Mon Sep 27 22:00:55 2021;-85;0;0;0.000000;0.000000;0.000000;0.000000;0.000000;0.000000;0.000000;0.000000;0.000000;0.000000;0.000000;0;0;0.0.0.0;
78;infrastructure;457;F4:EC:38:C9:ED:9A;;6;No;WPA2,WPA,AES-CCM,TKIP;No;54.0;0;8;0;0;0;0;0;;;Mon Sep 27 21:57:41 2021;Mon Sep 27 22:00:53 2021;-89;0;0;0.000000;0.000000;0.000000;0.000000;0.000000;0.000000;0.000000;0.000000;0.000000;0.000000;0.000000;0;0;0.0.0.0;
79;infrastructure;314 ;F4:F2:6D:6A:19:08;;11;No;WPA2,WPA,AES-CCM;No;130.0;0;3;0;0;0;0;0;;;Mon Sep 27 21:58:07 2021;Mon Sep 27 22:00:52 2021;-81;0;0;0.000000;0.000000;0.000000;0.000000;0.000000;0.000000;0.000000;0.000000;0.000000;0.000000;0.000000;0;0;0.0.0.0;
80;infrastructure;two_blocks_down;C8:3A:35:08:F5:51;;9;No;WPA2,WPA,AES-CCM;No;65.0;0;91;0;84;0;0;84;;;Mon Sep 27 21:57:29 2021;Mon Sep 27 22:00:58 2021;-67;0;0;0.000000;0.000000;0.000000;0.000000;0.000000;0.000000;0.000000;0.000000;0.000000;0.000000;0.000000;0;0;0.0.0.0;
81;infrastructure;;52:D4:F7:BC:56:16;;11;No;WPA2,WPA,AES-CCM;No;130.0;0;31;0;0;0;0;0;;;Mon Sep 27 21:57:32 2021;Mon Sep 27 22:00:44 2021;-81;0;0;0.000000;0.000000;0.000000;0.000000;0.000000;0.000000;0.000000;0.000000;0.000000;0.000000;0.000000;0;0;0.0.0.0;
82;infrastructure;Tenda_40F2A0;C8:3A:35:40:F2:A0;;7;No;WPA2,WPA,AES-CCM;No;135.0;0;21;0;0;0;0;0;;;Mon Sep 27 21:57:26 2021;Mon Sep 27 22:00:55 2021;-85;0;0;0.000000;0.000000;0.000000;0.000000;0.000000;0.000000;0.000000;0.000000;0.000000;0.000000;0.000000;0;0;0.0.0.0;
83;infrastructure;doma_lu4she;18:A6:F7:E2:F9:7C;;5;No;WPA2,WPA,AES-CCM;No;270.0;0;127;0;132;0;0;132;;;Mon Sep 27 21:57:26 2021;Mon Sep 27 22:01:02 2021;-70;0;0;0.000000;0.000000;0.000000;0.000000;0.000000;0.000000;0.000000;0.000000;0.000000;0.000000;0.000000;0;0;0.0.0.0;
84;infrastructure;TP-LINK_EE48;98:DE:D0:35:EE:48;;6;No;WPA2,WPA,AES-CCM;No;270.0;0;26;0;3;0;0;3;;;Mon Sep 27 21:57:25 2021;Mon Sep 27 22:00:44 2021;-79;0;0;0.000000;0.000000;0.000000;0.000000;0.000000;0.000000;0.000000;0.000000;0.000000;0.000000;0.000000;0;0;0.0.0.0;
85;infrastructure;321;D8:47:32:E1:AF:4E;;6;No;WPA2,WPA,AES-CCM;No;405.0;0;136;0;9;0;0;9;;;Mon Sep 27 21:57:25 2021;Mon Sep 27 22:01:04 2021;-51;0;0;0.000000;0.000000;0.000000;0.000000;0.000000;0.000000;0.000000;0.000000;0.000000;0.000000;0.000000;0;0;0.0.0.0;
86;infrastructure;;D4:BF:7F:61:00:E4;;1;No;WPA,None;No;-1.0;0;0;0;3;0;0;3;;;Mon Sep 27 22:01:03 2021;Mon Sep 27 22:01:03 2021;-91;0;0;0.000000;0.000000;0.000000;0.000000;0.000000;0.000000;0.000000;0.000000;0.000000;0.000000;0.000000;0;0;0.0.0.0;
